[{"fields": {"app_label": "admin", "name": "log entry", "model": "logentry"}, "pk": 1, "model": "contenttypes.contenttype"}, {"fields": {"app_label": "auth", "name": "permission", "model": "permission"}, "pk": 2, "model": "contenttypes.contenttype"}, {"fields": {"app_label": "auth", "name": "group", "model": "group"}, "pk": 3, "model": "contenttypes.contenttype"}, {"fields": {"app_label": "auth", "name": "user", "model": "user"}, "pk": 4, "model": "contenttypes.contenttype"}, {"fields": {"app_label": "contenttypes", "name": "content type", "model": "contenttype"}, "pk": 5, "model": "contenttypes.contenttype"}, {"fields": {"app_label": "sessions", "name": "session", "model": "session"}, "pk": 6, "model": "contenttypes.contenttype"}, {"fields": {"app_label": "content", "name": "content image", "model": "contentimage"}, "pk": 7, "model": "contenttypes.contenttype"}, {"fields": {"app_label": "content", "name": "content tag type", "model": "contenttagtype"}, "pk": 8, "model": "contenttypes.contenttype"}, {"fields": {"app_label": "content", "name": "tag type", "model": "tagtype"}, "pk": 9, "model": "contenttypes.contenttype"}, {"fields": {"app_label": "content", "name": "tag", "model": "tag"}, "pk": 10, "model": "contenttypes.contenttype"}, {"fields": {"app_label": "content", "name": "master content", "model": "mastercontent"}, "pk": 11, "model": "contenttypes.contenttype"}, {"fields": {"app_label": "content", "name": "submission category", "model": "submissioncategory"}, "pk": 12, "model": "contenttypes.contenttype"}, {"fields": {"app_label": "content", "name": "submission period", "model": "submissionperiod"}, "pk": 13, "model": "contenttypes.contenttype"}, {"fields": {"app_label": "content", "name": "submission data", "model": "submissiondata"}, "pk": 14, "model": "contenttypes.contenttype"}, {"fields": {"app_label": "content", "name": "Any content record", "model": "content"}, "pk": 15, "model": "contenttypes.contenttype"}, {"fields": {"app_label": "content", "name": "content relationship", "model": "contentrelationship"}, "pk": 16, "model": "contenttypes.contenttype"}, {"fields": {"app_label": "content", "name": "content place", "model": "contentplace"}, "pk": 17, "model": "contenttypes.contenttype"}, {"fields": {"app_label": "content", "name": "place", "model": "place"}, "pk": 18, "model": "contenttypes.contenttype"}, {"fields": {"app_label": "content", "name": "place data", "model": "placedata"}, "pk": 19, "model": "contenttypes.contenttype"}, {"fields": {"app_label": "content", "name": "serial pub", "model": "serialpub"}, "pk": 20, "model": "contenttypes.contenttype"}, {"fields": {"app_label": "content", "name": "Email Template", "model": "emailtemplate"}, "pk": 21, "model": "contenttypes.contenttype"}, {"fields": {"app_label": "content", "name": "General purpose webpage", "model": "pagecontent"}, "pk": 22, "model": "contenttypes.contenttype"}, {"fields": {"app_label": "content", "name": "taxo topic tag", "model": "taxotopictag"}, "pk": 23, "model": "contenttypes.contenttype"}, {"fields": {"app_label": "content", "name": "Published page (debugging use ONLY)", "model": "pagecontentpublished"}, "pk": 24, "model": "contenttypes.contenttype"}, {"fields": {"app_label": "myapa", "name": "contact", "model": "contact"}, "pk": 25, "model": "contenttypes.contenttype"}, {"fields": {"app_label": "myapa", "name": "contact role", "model": "contactrole"}, "pk": 26, "model": "contenttypes.contenttype"}, {"fields": {"app_label": "myapa", "name": "reviewer", "model": "reviewer"}, "pk": 27, "model": "contenttypes.contenttype"}, {"fields": {"app_label": "myapa", "name": "contact content added", "model": "contactcontentadded"}, "pk": 28, "model": "contenttypes.contenttype"}, {"fields": {"app_label": "myapa", "name": "user authorization token", "model": "userauthorizationtoken"}, "pk": 29, "model": "contenttypes.contenttype"}, {"fields": {"app_label": "events", "name": "Event/Activity/Course", "model": "event"}, "pk": 30, "model": "contenttypes.contenttype"}, {"fields": {"app_label": "events", "name": "event log entry", "model": "eventlogentry"}, "pk": 31, "model": "contenttypes.contenttype"}, {"fields": {"app_label": "events", "name": "speaker eval", "model": "speakereval"}, "pk": 32, "model": "contenttypes.contenttype"}, {"fields": {"app_label": "events", "name": "course", "model": "course"}, "pk": 33, "model": "contenttypes.contenttype"}, {"fields": {"app_label": "events", "name": "speaker", "model": "speaker"}, "pk": 34, "model": "contenttypes.contenttype"}, {"fields": {"app_label": "events", "name": "activity", "model": "activity"}, "pk": 35, "model": "contenttypes.contenttype"}, {"fields": {"app_label": "events", "name": "provider", "model": "provider"}, "pk": 36, "model": "contenttypes.contenttype"}, {"fields": {"app_label": "events", "name": "Conference Activity", "model": "nationalconferenceactivity"}, "pk": 37, "model": "contenttypes.contenttype"}, {"fields": {"app_label": "events", "name": "Conference Participant", "model": "nationalconferenceparticipant"}, "pk": 38, "model": "contenttypes.contenttype"}, {"fields": {"app_label": "events", "name": "Multipart event", "model": "eventmulti"}, "pk": 39, "model": "contenttypes.contenttype"}, {"fields": {"app_label": "events", "name": "Single event", "model": "eventsingle"}, "pk": 40, "model": "contenttypes.contenttype"}, {"fields": {"app_label": "store", "name": "purchase", "model": "purchase"}, "pk": 41, "model": "contenttypes.contenttype"}, {"fields": {"app_label": "store", "name": "payment", "model": "payment"}, "pk": 42, "model": "contenttypes.contenttype"}, {"fields": {"app_label": "store", "name": "order", "model": "order"}, "pk": 43, "model": "contenttypes.contenttype"}, {"fields": {"app_label": "store", "name": "product price", "model": "productprice"}, "pk": 44, "model": "contenttypes.contenttype"}, {"fields": {"app_label": "store", "name": "product option", "model": "productoption"}, "pk": 45, "model": "contenttypes.contenttype"}, {"fields": {"app_label": "store", "name": "product", "model": "product"}, "pk": 46, "model": "contenttypes.contenttype"}, {"fields": {"app_label": "store", "name": "product published", "model": "productpublished"}, "pk": 47, "model": "contenttypes.contenttype"}, {"fields": {"session_data": "MjQwN2MyMTRmMmQ2Zjg0NjYwMWU0ZWM2MGQ4NDM5YjY3NzY1YmQwOTp7Il9hdXRoX3VzZXJfaGFzaCI6IjU0MDJlY2VkOTc3MmY0NDNhM2VhZWEzNDI3MGVjOTRjMTc4ZTFiZTEiLCJldmVudF9pZCI6IjciLCJyZWdpc3RyYXRpb25fcHJvZHVjdF9vcHRpb24iOjEsIl9hdXRoX3VzZXJfaWQiOjEsIl9hdXRoX3VzZXJfYmFja2VuZCI6ImRqYW5nby5jb250cmliLmF1dGguYmFja2VuZHMuTW9kZWxCYWNrZW5kIiwic2Vzc2lvbl9wcm9kdWN0X3ByaWNlcyI6W1siMjAiLDZdLFsiMjEiLDFdXSwicmVnaXN0cmF0aW9uX3Byb2R1Y3Rfb3B0aW9uX2lkIjo5fQ==", "expire_date": "2015-06-26T21:47:53.213Z"}, "pk": "3t10ruy2u2g51zsqumsftoxlvaqh2jhy", "model": "sessions.session"}, {"fields": {"session_data": "M2QyNjc0MDZjZDM2NjQ2M2U0M2EzYzZkMDM2YzJmMjhiZTA4YmRkODp7fQ==", "expire_date": "2015-06-16T15:36:11.551Z"}, "pk": "7qaa3m7d8u9mkdyzn8z8xge5lclwxvcq", "model": "sessions.session"}, {"fields": {"session_data": "M2QyNjc0MDZjZDM2NjQ2M2U0M2EzYzZkMDM2YzJmMjhiZTA4YmRkODp7fQ==", "expire_date": "2015-06-16T15:21:01.027Z"}, "pk": "a3tewr30mauqwzvbaum69k1fz8qumkl7", "model": "sessions.session"}, {"fields": {"session_data": "ZjdhMzI4NGEyNzQ4ZTYyYWY0Y2Y3NWExNDcwMjk0NDZkNWYwYThhZTp7Il9hdXRoX3VzZXJfaWQiOjEsImV2ZW50X2lkIjoiNCIsIl9hdXRoX3VzZXJfaGFzaCI6IjU0MDJlY2VkOTc3MmY0NDNhM2VhZWEzNDI3MGVjOTRjMTc4ZTFiZTEiLCJzZXNzaW9uX3Byb2R1Y3RfcHJpY2VzIjpbWyIxMSIsN10sWyIxMiIsNl0sWyIxMyIsN11dLCJfYXV0aF91c2VyX2JhY2tlbmQiOiJkamFuZ28uY29udHJpYi5hdXRoLmJhY2tlbmRzLk1vZGVsQmFja2VuZCIsInJlZ2lzdHJhdGlvbl9wcm9kdWN0X29wdGlvbl9pZCI6NSwicmVnaXN0cmF0aW9uX3Byb2R1Y3Rfb3B0aW9uIjoxfQ==", "expire_date": "2015-06-26T19:00:40.013Z"}, "pk": "g8jfv1zarp4znpco3504wu3dd5kn94il", "model": "sessions.session"}, {"fields": {"content_draft": 1, "published_time": null, "content_live": null}, "pk": 1, "model": "content.mastercontent"}, {"fields": {"content_draft": 2, "published_time": null, "content_live": null}, "pk": 2, "model": "content.mastercontent"}, {"fields": {"content_draft": 3, "published_time": null, "content_live": null}, "pk": 3, "model": "content.mastercontent"}, {"fields": {"content_draft": 4, "published_time": null, "content_live": null}, "pk": 4, "model": "content.mastercontent"}, {"fields": {"content_draft": 5, "published_time": null, "content_live": null}, "pk": 5, "model": "content.mastercontent"}, {"fields": {"content_draft": 6, "published_time": null, "content_live": null}, "pk": 6, "model": "content.mastercontent"}, {"fields": {"content_draft": 7, "published_time": null, "content_live": null}, "pk": 7, "model": "content.mastercontent"}, {"fields": {"content_draft": 8, "published_time": null, "content_live": null}, "pk": 8, "model": "content.mastercontent"}, {"fields": {"content_draft": 9, "published_time": null, "content_live": null}, "pk": 9, "model": "content.mastercontent"}, {"fields": {"name": "Can add log entry", "content_type": 1, "codename": "add_logentry"}, "pk": 1, "model": "auth.permission"}, {"fields": {"name": "Can change log entry", "content_type": 1, "codename": "change_logentry"}, "pk": 2, "model": "auth.permission"}, {"fields": {"name": "Can delete log entry", "content_type": 1, "codename": "delete_logentry"}, "pk": 3, "model": "auth.permission"}, {"fields": {"name": "Can add permission", "content_type": 2, "codename": "add_permission"}, "pk": 4, "model": "auth.permission"}, {"fields": {"name": "Can change permission", "content_type": 2, "codename": "change_permission"}, "pk": 5, "model": "auth.permission"}, {"fields": {"name": "Can delete permission", "content_type": 2, "codename": "delete_permission"}, "pk": 6, "model": "auth.permission"}, {"fields": {"name": "Can add group", "content_type": 3, "codename": "add_group"}, "pk": 7, "model": "auth.permission"}, {"fields": {"name": "Can change group", "content_type": 3, "codename": "change_group"}, "pk": 8, "model": "auth.permission"}, {"fields": {"name": "Can delete group", "content_type": 3, "codename": "delete_group"}, "pk": 9, "model": "auth.permission"}, {"fields": {"name": "Can add user", "content_type": 4, "codename": "add_user"}, "pk": 10, "model": "auth.permission"}, {"fields": {"name": "Can change user", "content_type": 4, "codename": "change_user"}, "pk": 11, "model": "auth.permission"}, {"fields": {"name": "Can delete user", "content_type": 4, "codename": "delete_user"}, "pk": 12, "model": "auth.permission"}, {"fields": {"name": "Can add content type", "content_type": 5, "codename": "add_contenttype"}, "pk": 13, "model": "auth.permission"}, {"fields": {"name": "Can change content type", "content_type": 5, "codename": "change_contenttype"}, "pk": 14, "model": "auth.permission"}, {"fields": {"name": "Can delete content type", "content_type": 5, "codename": "delete_contenttype"}, "pk": 15, "model": "auth.permission"}, {"fields": {"name": "Can add session", "content_type": 6, "codename": "add_session"}, "pk": 16, "model": "auth.permission"}, {"fields": {"name": "Can change session", "content_type": 6, "codename": "change_session"}, "pk": 17, "model": "auth.permission"}, {"fields": {"name": "Can delete session", "content_type": 6, "codename": "delete_session"}, "pk": 18, "model": "auth.permission"}, {"fields": {"name": "Can add content image", "content_type": 7, "codename": "add_contentimage"}, "pk": 19, "model": "auth.permission"}, {"fields": {"name": "Can change content image", "content_type": 7, "codename": "change_contentimage"}, "pk": 20, "model": "auth.permission"}, {"fields": {"name": "Can delete content image", "content_type": 7, "codename": "delete_contentimage"}, "pk": 21, "model": "auth.permission"}, {"fields": {"name": "Can add content tag type", "content_type": 8, "codename": "add_contenttagtype"}, "pk": 22, "model": "auth.permission"}, {"fields": {"name": "Can change content tag type", "content_type": 8, "codename": "change_contenttagtype"}, "pk": 23, "model": "auth.permission"}, {"fields": {"name": "Can delete content tag type", "content_type": 8, "codename": "delete_contenttagtype"}, "pk": 24, "model": "auth.permission"}, {"fields": {"name": "Can add tag type", "content_type": 9, "codename": "add_tagtype"}, "pk": 25, "model": "auth.permission"}, {"fields": {"name": "Can change tag type", "content_type": 9, "codename": "change_tagtype"}, "pk": 26, "model": "auth.permission"}, {"fields": {"name": "Can delete tag type", "content_type": 9, "codename": "delete_tagtype"}, "pk": 27, "model": "auth.permission"}, {"fields": {"name": "Can add tag", "content_type": 10, "codename": "add_tag"}, "pk": 28, "model": "auth.permission"}, {"fields": {"name": "Can change tag", "content_type": 10, "codename": "change_tag"}, "pk": 29, "model": "auth.permission"}, {"fields": {"name": "Can delete tag", "content_type": 10, "codename": "delete_tag"}, "pk": 30, "model": "auth.permission"}, {"fields": {"name": "Can add taxo topic tag", "content_type": 10, "codename": "add_taxotopictag"}, "pk": 31, "model": "auth.permission"}, {"fields": {"name": "Can change taxo topic tag", "content_type": 10, "codename": "change_taxotopictag"}, "pk": 32, "model": "auth.permission"}, {"fields": {"name": "Can delete taxo topic tag", "content_type": 10, "codename": "delete_taxotopictag"}, "pk": 33, "model": "auth.permission"}, {"fields": {"name": "Can add master content", "content_type": 11, "codename": "add_mastercontent"}, "pk": 34, "model": "auth.permission"}, {"fields": {"name": "Can change master content", "content_type": 11, "codename": "change_mastercontent"}, "pk": 35, "model": "auth.permission"}, {"fields": {"name": "Can delete master content", "content_type": 11, "codename": "delete_mastercontent"}, "pk": 36, "model": "auth.permission"}, {"fields": {"name": "Can add submission category", "content_type": 12, "codename": "add_submissioncategory"}, "pk": 37, "model": "auth.permission"}, {"fields": {"name": "Can change submission category", "content_type": 12, "codename": "change_submissioncategory"}, "pk": 38, "model": "auth.permission"}, {"fields": {"name": "Can delete submission category", "content_type": 12, "codename": "delete_submissioncategory"}, "pk": 39, "model": "auth.permission"}, {"fields": {"name": "Can add submission period", "content_type": 13, "codename": "add_submissionperiod"}, "pk": 40, "model": "auth.permission"}, {"fields": {"name": "Can change submission period", "content_type": 13, "codename": "change_submissionperiod"}, "pk": 41, "model": "auth.permission"}, {"fields": {"name": "Can delete submission period", "content_type": 13, "codename": "delete_submissionperiod"}, "pk": 42, "model": "auth.permission"}, {"fields": {"name": "Can add submission data", "content_type": 14, "codename": "add_submissiondata"}, "pk": 43, "model": "auth.permission"}, {"fields": {"name": "Can change submission data", "content_type": 14, "codename": "change_submissiondata"}, "pk": 44, "model": "auth.permission"}, {"fields": {"name": "Can delete submission data", "content_type": 14, "codename": "delete_submissiondata"}, "pk": 45, "model": "auth.permission"}, {"fields": {"name": "Can add Any content record", "content_type": 15, "codename": "add_content"}, "pk": 46, "model": "auth.permission"}, {"fields": {"name": "Can change Any content record", "content_type": 15, "codename": "change_content"}, "pk": 47, "model": "auth.permission"}, {"fields": {"name": "Can delete Any content record", "content_type": 15, "codename": "delete_content"}, "pk": 48, "model": "auth.permission"}, {"fields": {"name": "Can add content relationship", "content_type": 16, "codename": "add_contentrelationship"}, "pk": 49, "model": "auth.permission"}, {"fields": {"name": "Can change content relationship", "content_type": 16, "codename": "change_contentrelationship"}, "pk": 50, "model": "auth.permission"}, {"fields": {"name": "Can delete content relationship", "content_type": 16, "codename": "delete_contentrelationship"}, "pk": 51, "model": "auth.permission"}, {"fields": {"name": "Can add content place", "content_type": 17, "codename": "add_contentplace"}, "pk": 52, "model": "auth.permission"}, {"fields": {"name": "Can change content place", "content_type": 17, "codename": "change_contentplace"}, "pk": 53, "model": "auth.permission"}, {"fields": {"name": "Can delete content place", "content_type": 17, "codename": "delete_contentplace"}, "pk": 54, "model": "auth.permission"}, {"fields": {"name": "Can add place", "content_type": 18, "codename": "add_place"}, "pk": 55, "model": "auth.permission"}, {"fields": {"name": "Can change place", "content_type": 18, "codename": "change_place"}, "pk": 56, "model": "auth.permission"}, {"fields": {"name": "Can delete place", "content_type": 18, "codename": "delete_place"}, "pk": 57, "model": "auth.permission"}, {"fields": {"name": "Can add place data", "content_type": 19, "codename": "add_placedata"}, "pk": 58, "model": "auth.permission"}, {"fields": {"name": "Can change place data", "content_type": 19, "codename": "change_placedata"}, "pk": 59, "model": "auth.permission"}, {"fields": {"name": "Can delete place data", "content_type": 19, "codename": "delete_placedata"}, "pk": 60, "model": "auth.permission"}, {"fields": {"name": "Can add serial pub", "content_type": 20, "codename": "add_serialpub"}, "pk": 61, "model": "auth.permission"}, {"fields": {"name": "Can change serial pub", "content_type": 20, "codename": "change_serialpub"}, "pk": 62, "model": "auth.permission"}, {"fields": {"name": "Can delete serial pub", "content_type": 20, "codename": "delete_serialpub"}, "pk": 63, "model": "auth.permission"}, {"fields": {"name": "Can add General purpose webpage", "content_type": 15, "codename": "add_pagecontent"}, "pk": 64, "model": "auth.permission"}, {"fields": {"name": "Can change General purpose webpage", "content_type": 15, "codename": "change_pagecontent"}, "pk": 65, "model": "auth.permission"}, {"fields": {"name": "Can delete General purpose webpage", "content_type": 15, "codename": "delete_pagecontent"}, "pk": 66, "model": "auth.permission"}, {"fields": {"name": "Can add Published page (debugging use ONLY)", "content_type": 15, "codename": "add_pagecontentpublished"}, "pk": 67, "model": "auth.permission"}, {"fields": {"name": "Can change Published page (debugging use ONLY)", "content_type": 15, "codename": "change_pagecontentpublished"}, "pk": 68, "model": "auth.permission"}, {"fields": {"name": "Can delete Published page (debugging use ONLY)", "content_type": 15, "codename": "delete_pagecontentpublished"}, "pk": 69, "model": "auth.permission"}, {"fields": {"name": "Can add Email Template", "content_type": 21, "codename": "add_emailtemplate"}, "pk": 70, "model": "auth.permission"}, {"fields": {"name": "Can change Email Template", "content_type": 21, "codename": "change_emailtemplate"}, "pk": 71, "model": "auth.permission"}, {"fields": {"name": "Can delete Email Template", "content_type": 21, "codename": "delete_emailtemplate"}, "pk": 72, "model": "auth.permission"}, {"fields": {"name": "Can add contact", "content_type": 25, "codename": "add_contact"}, "pk": 73, "model": "auth.permission"}, {"fields": {"name": "Can change contact", "content_type": 25, "codename": "change_contact"}, "pk": 74, "model": "auth.permission"}, {"fields": {"name": "Can delete contact", "content_type": 25, "codename": "delete_contact"}, "pk": 75, "model": "auth.permission"}, {"fields": {"name": "Can add contact role", "content_type": 26, "codename": "add_contactrole"}, "pk": 76, "model": "auth.permission"}, {"fields": {"name": "Can change contact role", "content_type": 26, "codename": "change_contactrole"}, "pk": 77, "model": "auth.permission"}, {"fields": {"name": "Can delete contact role", "content_type": 26, "codename": "delete_contactrole"}, "pk": 78, "model": "auth.permission"}, {"fields": {"name": "Can add reviewer", "content_type": 27, "codename": "add_reviewer"}, "pk": 79, "model": "auth.permission"}, {"fields": {"name": "Can change reviewer", "content_type": 27, "codename": "change_reviewer"}, "pk": 80, "model": "auth.permission"}, {"fields": {"name": "Can delete reviewer", "content_type": 27, "codename": "delete_reviewer"}, "pk": 81, "model": "auth.permission"}, {"fields": {"name": "Can add contact content added", "content_type": 28, "codename": "add_contactcontentadded"}, "pk": 82, "model": "auth.permission"}, {"fields": {"name": "Can change contact content added", "content_type": 28, "codename": "change_contactcontentadded"}, "pk": 83, "model": "auth.permission"}, {"fields": {"name": "Can delete contact content added", "content_type": 28, "codename": "delete_contactcontentadded"}, "pk": 84, "model": "auth.permission"}, {"fields": {"name": "Can add user authorization token", "content_type": 29, "codename": "add_userauthorizationtoken"}, "pk": 85, "model": "auth.permission"}, {"fields": {"name": "Can change user authorization token", "content_type": 29, "codename": "change_userauthorizationtoken"}, "pk": 86, "model": "auth.permission"}, {"fields": {"name": "Can delete user authorization token", "content_type": 29, "codename": "delete_userauthorizationtoken"}, "pk": 87, "model": "auth.permission"}, {"fields": {"name": "Can add Event/Activity/Course", "content_type": 30, "codename": "add_event"}, "pk": 88, "model": "auth.permission"}, {"fields": {"name": "Can change Event/Activity/Course", "content_type": 30, "codename": "change_event"}, "pk": 89, "model": "auth.permission"}, {"fields": {"name": "Can delete Event/Activity/Course", "content_type": 30, "codename": "delete_event"}, "pk": 90, "model": "auth.permission"}, {"fields": {"name": "Can add activity", "content_type": 30, "codename": "add_activity"}, "pk": 91, "model": "auth.permission"}, {"fields": {"name": "Can change activity", "content_type": 30, "codename": "change_activity"}, "pk": 92, "model": "auth.permission"}, {"fields": {"name": "Can delete activity", "content_type": 30, "codename": "delete_activity"}, "pk": 93, "model": "auth.permission"}, {"fields": {"name": "Can add Single event", "content_type": 30, "codename": "add_eventsingle"}, "pk": 94, "model": "auth.permission"}, {"fields": {"name": "Can change Single event", "content_type": 30, "codename": "change_eventsingle"}, "pk": 95, "model": "auth.permission"}, {"fields": {"name": "Can delete Single event", "content_type": 30, "codename": "delete_eventsingle"}, "pk": 96, "model": "auth.permission"}, {"fields": {"name": "Can add Multipart event", "content_type": 30, "codename": "add_eventmulti"}, "pk": 97, "model": "auth.permission"}, {"fields": {"name": "Can change Multipart event", "content_type": 30, "codename": "change_eventmulti"}, "pk": 98, "model": "auth.permission"}, {"fields": {"name": "Can delete Multipart event", "content_type": 30, "codename": "delete_eventmulti"}, "pk": 99, "model": "auth.permission"}, {"fields": {"name": "Can add course", "content_type": 30, "codename": "add_course"}, "pk": 100, "model": "auth.permission"}, {"fields": {"name": "Can change course", "content_type": 30, "codename": "change_course"}, "pk": 101, "model": "auth.permission"}, {"fields": {"name": "Can delete course", "content_type": 30, "codename": "delete_course"}, "pk": 102, "model": "auth.permission"}, {"fields": {"name": "Can add Conference Activity", "content_type": 30, "codename": "add_nationalconferenceactivity"}, "pk": 103, "model": "auth.permission"}, {"fields": {"name": "Can change Conference Activity", "content_type": 30, "codename": "change_nationalconferenceactivity"}, "pk": 104, "model": "auth.permission"}, {"fields": {"name": "Can delete Conference Activity", "content_type": 30, "codename": "delete_nationalconferenceactivity"}, "pk": 105, "model": "auth.permission"}, {"fields": {"name": "Can add Conference Participant", "content_type": 26, "codename": "add_nationalconferenceparticipant"}, "pk": 106, "model": "auth.permission"}, {"fields": {"name": "Can change Conference Participant", "content_type": 26, "codename": "change_nationalconferenceparticipant"}, "pk": 107, "model": "auth.permission"}, {"fields": {"name": "Can delete Conference Participant", "content_type": 26, "codename": "delete_nationalconferenceparticipant"}, "pk": 108, "model": "auth.permission"}, {"fields": {"name": "Can add speaker", "content_type": 26, "codename": "add_speaker"}, "pk": 109, "model": "auth.permission"}, {"fields": {"name": "Can change speaker", "content_type": 26, "codename": "change_speaker"}, "pk": 110, "model": "auth.permission"}, {"fields": {"name": "Can delete speaker", "content_type": 26, "codename": "delete_speaker"}, "pk": 111, "model": "auth.permission"}, {"fields": {"name": "Can add provider", "content_type": 26, "codename": "add_provider"}, "pk": 112, "model": "auth.permission"}, {"fields": {"name": "Can change provider", "content_type": 26, "codename": "change_provider"}, "pk": 113, "model": "auth.permission"}, {"fields": {"name": "Can delete provider", "content_type": 26, "codename": "delete_provider"}, "pk": 114, "model": "auth.permission"}, {"fields": {"name": "Can add event log entry", "content_type": 31, "codename": "add_eventlogentry"}, "pk": 115, "model": "auth.permission"}, {"fields": {"name": "Can change event log entry", "content_type": 31, "codename": "change_eventlogentry"}, "pk": 116, "model": "auth.permission"}, {"fields": {"name": "Can delete event log entry", "content_type": 31, "codename": "delete_eventlogentry"}, "pk": 117, "model": "auth.permission"}, {"fields": {"name": "Can add speaker eval", "content_type": 32, "codename": "add_speakereval"}, "pk": 118, "model": "auth.permission"}, {"fields": {"name": "Can change speaker eval", "content_type": 32, "codename": "change_speakereval"}, "pk": 119, "model": "auth.permission"}, {"fields": {"name": "Can delete speaker eval", "content_type": 32, "codename": "delete_speakereval"}, "pk": 120, "model": "auth.permission"}, {"fields": {"name": "Can add purchase", "content_type": 41, "codename": "add_purchase"}, "pk": 121, "model": "auth.permission"}, {"fields": {"name": "Can change purchase", "content_type": 41, "codename": "change_purchase"}, "pk": 122, "model": "auth.permission"}, {"fields": {"name": "Can delete purchase", "content_type": 41, "codename": "delete_purchase"}, "pk": 123, "model": "auth.permission"}, {"fields": {"name": "Can add payment", "content_type": 42, "codename": "add_payment"}, "pk": 124, "model": "auth.permission"}, {"fields": {"name": "Can change payment", "content_type": 42, "codename": "change_payment"}, "pk": 125, "model": "auth.permission"}, {"fields": {"name": "Can delete payment", "content_type": 42, "codename": "delete_payment"}, "pk": 126, "model": "auth.permission"}, {"fields": {"name": "Can add order", "content_type": 43, "codename": "add_order"}, "pk": 127, "model": "auth.permission"}, {"fields": {"name": "Can change order", "content_type": 43, "codename": "change_order"}, "pk": 128, "model": "auth.permission"}, {"fields": {"name": "Can delete order", "content_type": 43, "codename": "delete_order"}, "pk": 129, "model": "auth.permission"}, {"fields": {"name": "Can add product price", "content_type": 44, "codename": "add_productprice"}, "pk": 130, "model": "auth.permission"}, {"fields": {"name": "Can change product price", "content_type": 44, "codename": "change_productprice"}, "pk": 131, "model": "auth.permission"}, {"fields": {"name": "Can delete product price", "content_type": 44, "codename": "delete_productprice"}, "pk": 132, "model": "auth.permission"}, {"fields": {"name": "Can add product option", "content_type": 45, "codename": "add_productoption"}, "pk": 133, "model": "auth.permission"}, {"fields": {"name": "Can change product option", "content_type": 45, "codename": "change_productoption"}, "pk": 134, "model": "auth.permission"}, {"fields": {"name": "Can delete product option", "content_type": 45, "codename": "delete_productoption"}, "pk": 135, "model": "auth.permission"}, {"fields": {"name": "Can add product", "content_type": 46, "codename": "add_product"}, "pk": 136, "model": "auth.permission"}, {"fields": {"name": "Can change product", "content_type": 46, "codename": "change_product"}, "pk": 137, "model": "auth.permission"}, {"fields": {"name": "Can delete product", "content_type": 46, "codename": "delete_product"}, "pk": 138, "model": "auth.permission"}, {"fields": {"name": "Can add product published", "content_type": 46, "codename": "add_productpublished"}, "pk": 139, "model": "auth.permission"}, {"fields": {"name": "Can change product published", "content_type": 46, "codename": "change_productpublished"}, "pk": 140, "model": "auth.permission"}, {"fields": {"name": "Can delete product published", "content_type": 46, "codename": "delete_productpublished"}, "pk": 141, "model": "auth.permission"}, {"fields": {"name": "elite_political_member", "permissions": []}, "pk": 1, "model": "auth.group"}, {"fields": {"name": "regular_member", "permissions": []}, "pk": 2, "model": "auth.group"}, {"fields": {"name": "discount_member", "permissions": []}, "pk": 3, "model": "auth.group"}, {"fields": {"first_name": "", "is_active": true, "is_superuser": true, "last_name": "", "username": "giovanni", "date_joined": "2015-06-02T20:17:12.075Z", "groups": [], "password": "pbkdf2_sha256$15000$H0nvdHcE7SLl$FMaw0MIrUgb26Nlx1skdl705lOefzG0sDUPErJoYwJQ=", "email": "giovanni@gmail.com", "user_permissions": [], "is_staff": true, "last_login": "2015-06-09T20:12:41.401Z"}, "pk": 1, "model": "auth.user"}, {"fields": {"first_name": "Jimmy", "is_active": true, "is_superuser": false, "last_name": "Butler", "username": "jimmy", "date_joined": "2015-06-05T20:57:15Z", "groups": [], "password": "pbkdf2_sha256$15000$nb3i6dXqdQIB$TZUHR+WYYE8/V3mW3dFmlxkLAp1F/h+CJDa6ace79ZQ=", "email": "jbutler@gmail.com", "user_permissions": [], "is_staff": false, "last_login": "2015-06-05T20:57:15Z"}, "pk": 2, "model": "auth.user"}, {"fields": {"status": "A", "master": 1, "archive_time": null, "url": "", "submission_data": null, "publish_status": "DRAFT", "parent": 3027311, "publish_time": null, "isbn": null, "issue_number": null, "description": "fun ", "resource_url": "", "serial_pub": null, "subtitle": "", "has_xhtml": false, "resource_published_date": null, "slug": "", "language": null, "copyright_date": null, "updated_by": 1, "code": "2311", "created_by": 1, "updated_time": "2015-06-02T20:31:09.929Z", "title": "annual conference", "text": "", "file_path": "", "resource_type": null, "created_time": "2015-06-02T20:30:01.661Z", "permission_groups": [], "copyright_statement": "", "volume_number": null, "abstract": "", "content_type": "EVENT", "taxo_topics": []}, "pk": 1, "model": "content.content"}, {"fields": {"status": "A", "master": 2, "archive_time": null, "url": "", "submission_data": null, "publish_status": "DRAFT", "parent": 3027311, "publish_time": null, "isbn": null, "issue_number": null, "description": "This greatest APA event of your life", "resource_url": "", "serial_pub": null, "subtitle": "I am a subtitle I come from the content class", "has_xhtml": false, "resource_published_date": null, "slug": "", "language": null, "copyright_date": null, "updated_by": 1, "code": "12345", "created_by": 1, "updated_time": "2015-06-08T21:50:38.655Z", "title": "2015 APA extravaganza", "text": "<p>I was created becuase I subclass the content class</p>", "file_path": "", "resource_type": null, "created_time": "2015-06-02T21:05:11.763Z", "permission_groups": [], "copyright_statement": "", "volume_number": null, "abstract": "", "content_type": "EVENT", "taxo_topics": []}, "pk": 2, "model": "content.content"}, {"fields": {"status": "A", "master": 3, "archive_time": null, "url": "", "submission_data": null, "publish_status": "DRAFT", "parent": 4, "publish_time": null, "isbn": null, "issue_number": null, "description": "Learn what goes into planning a park", "resource_url": "", "serial_pub": null, "subtitle": "", "has_xhtml": false, "resource_published_date": null, "slug": "", "language": null, "copyright_date": null, "updated_by": 1, "code": "", "created_by": 1, "updated_time": "2015-06-10T15:28:06.557Z", "title": "Park Design", "text": "", "file_path": "", "resource_type": null, "created_time": "2015-06-04T20:01:58.302Z", "permission_groups": [], "copyright_statement": "", "volume_number": null, "abstract": "", "content_type": "EVENT", "taxo_topics": []}, "pk": 3, "model": "content.content"}, {"fields": {"status": "A", "master": 4, "archive_time": null, "url": "", "submission_data": null, "publish_status": "DRAFT", "parent": 4, "publish_time": "2015-06-10T00:00:00Z", "isbn": null, "issue_number": null, "description": "Chicago's annual APA conference", "resource_url": "", "serial_pub": null, "subtitle": "", "has_xhtml": false, "resource_published_date": null, "slug": "", "language": null, "copyright_date": null, "updated_by": 1, "code": "CHICAGO_2015", "created_by": 1, "updated_time": "2015-06-10T15:01:00.173Z", "title": "2015 APA Chicago Conference", "text": "", "file_path": "", "resource_type": null, "created_time": "2015-06-08T18:59:06.128Z", "permission_groups": [], "copyright_statement": "", "volume_number": null, "abstract": "", "content_type": "EVENT", "taxo_topics": []}, "pk": 4, "model": "content.content"}, {"fields": {"status": "A", "master": 5, "archive_time": null, "url": "", "submission_data": null, "publish_status": "DRAFT", "parent": 4, "publish_time": null, "isbn": null, "issue_number": null, "description": "Becoming a planner shouldn't mean taking a vow of silence", "resource_url": "", "serial_pub": null, "subtitle": "", "has_xhtml": false, "resource_published_date": null, "slug": "", "language": null, "copyright_date": null, "updated_by": 1, "code": "", "created_by": 1, "updated_time": "2015-06-11T21:08:48.963Z", "title": "Why Planners Should Be Opinion Leaders", "text": "", "file_path": "", "resource_type": null, "created_time": "2015-06-10T18:05:54.909Z", "permission_groups": [], "copyright_statement": "", "volume_number": null, "abstract": "", "content_type": "EVENT", "taxo_topics": []}, "pk": 5, "model": "content.content"}, {"fields": {"status": "A", "master": 6, "archive_time": null, "url": "", "submission_data": null, "publish_status": "DRAFT", "parent": 4, "publish_time": null, "isbn": null, "issue_number": null, "description": "The share economy has had an enormous impact on cities", "resource_url": "", "serial_pub": null, "subtitle": "", "has_xhtml": false, "resource_published_date": null, "slug": "", "language": null, "copyright_date": null, "updated_by": 1, "code": "", "created_by": 1, "updated_time": "2015-06-11T21:10:20.348Z", "title": "Regulating the Home-Sharing Industry", "text": "", "file_path": "", "resource_type": null, "created_time": "2015-06-10T18:11:35.192Z", "permission_groups": [], "copyright_statement": "", "volume_number": null, "abstract": "", "content_type": "EVENT", "taxo_topics": []}, "pk": 6, "model": "content.content"}, {"fields": {"status": "A", "master": 7, "archive_time": null, "url": "", "submission_data": null, "publish_status": "DRAFT", "parent": null, "publish_time": null, "isbn": null, "issue_number": null, "description": "", "resource_url": "", "serial_pub": null, "subtitle": "", "has_xhtml": false, "resource_published_date": null, "slug": "", "language": null, "copyright_date": null, "updated_by": 1, "code": "", "created_by": 1, "updated_time": "2015-06-12T20:35:02.642Z", "title": "2015 APA NATIONAL CONFERENCE", "text": "", "file_path": "", "resource_type": null, "created_time": "2015-06-12T20:28:36.808Z", "permission_groups": [], "copyright_statement": "", "volume_number": null, "abstract": "", "content_type": "EVENT", "taxo_topics": []}, "pk": 7, "model": "content.content"}, {"fields": {"status": "A", "master": 8, "archive_time": null, "url": "", "submission_data": null, "publish_status": "DRAFT", "parent": 7, "publish_time": null, "isbn": null, "issue_number": null, "description": "How to plan a school", "resource_url": "", "serial_pub": null, "subtitle": "", "has_xhtml": false, "resource_published_date": null, "slug": "", "language": null, "copyright_date": null, "updated_by": 1, "code": "", "created_by": 1, "updated_time": "2015-06-12T21:38:02.322Z", "title": "Planning A School", "text": "", "file_path": "", "resource_type": null, "created_time": "2015-06-12T21:33:40.760Z", "permission_groups": [], "copyright_statement": "", "volume_number": null, "abstract": "", "content_type": "EVENT", "taxo_topics": []}, "pk": 8, "model": "content.content"}, {"fields": {"status": "A", "master": 9, "archive_time": null, "url": "", "submission_data": null, "publish_status": "DRAFT", "parent": 7, "publish_time": null, "isbn": null, "issue_number": null, "description": "", "resource_url": "", "serial_pub": null, "subtitle": "", "has_xhtml": false, "resource_published_date": null, "slug": "", "language": null, "copyright_date": null, "updated_by": 1, "code": "", "created_by": 1, "updated_time": "2015-06-12T21:46:16.236Z", "title": "Planning a Community Center", "text": "", "file_path": "", "resource_type": null, "created_time": "2015-06-12T21:43:08.878Z", "permission_groups": [], "copyright_statement": "", "volume_number": null, "abstract": "", "content_type": "EVENT", "taxo_topics": []}, "pk": 9, "model": "content.content"}, {"fields": {"imis_trans_line_number": null, "product_price": 1, "amount": "50", "status": "A", "updated_by": 1, "country": null, "product": 2, "agreement_response_3": false, "submitted_time": null, "user_address_num": null, "quantity": "1", "gl_account": "", "zip_code": null, "agreement_response_1": false, "state": null, "question_response_3": null, "imis_trans_number": null, "submitted_product_price_amount": "50", "slug": null, "question_response_1": null, "agreement_response_2": false, "order": 69, "code": null, "question_response_2": null, "created_by": 1, "updated_time": "2015-06-12T21:47:52.807Z", "title": null, "address1": null, "imis_batch_time": null, "city": null, "created_time": "2015-06-12T21:47:52.807Z", "imis_batch": null, "address2": null, "user": null, "description": null}, "pk": 81, "model": "store.purchase"}, {"fields": {"imis_trans_line_number": null, "product_price": 20, "amount": "120", "status": "A", "updated_by": 1, "country": null, "product": 8, "agreement_response_3": false, "submitted_time": null, "user_address_num": null, "quantity": "1", "gl_account": "", "zip_code": null, "agreement_response_1": false, "state": null, "question_response_3": null, "imis_trans_number": null, "submitted_product_price_amount": "20", "slug": null, "question_response_1": null, "agreement_response_2": false, "order": 69, "code": null, "question_response_2": null, "created_by": 1, "updated_time": "2015-06-12T21:47:52.934Z", "title": null, "address1": null, "imis_batch_time": null, "city": null, "created_time": "2015-06-12T21:47:52.934Z", "imis_batch": null, "address2": null, "user": null, "description": null}, "pk": 82, "model": "store.purchase"}, {"fields": {"imis_trans_line_number": null, "product_price": 21, "amount": "70", "status": "A", "updated_by": 1, "country": null, "product": 9, "agreement_response_3": false, "submitted_time": null, "user_address_num": null, "quantity": "1", "gl_account": "", "zip_code": null, "agreement_response_1": false, "state": null, "question_response_3": null, "imis_trans_number": null, "submitted_product_price_amount": "70", "slug": null, "question_response_1": null, "agreement_response_2": false, "order": 69, "code": null, "question_response_2": null, "created_by": 1, "updated_time": "2015-06-12T21:47:53.069Z", "title": null, "address1": null, "imis_batch_time": null, "city": null, "created_time": "2015-06-12T21:47:53.069Z", "imis_batch": null, "address2": null, "user": null, "description": null}, "pk": 83, "model": "store.purchase"}, {"fields": {"submitted_user_id": "", "user": 1, "is_manual": false, "submitted_time": "2015-06-12T21:47:52.697Z"}, "pk": 69, "model": "store.order"}, {"fields": {"begin_time": "2015-06-01T00:00:00Z", "end_time": "2015-06-30T00:00:00Z", "priority": 1, "status": "A", "slug": null, "updated_by": 1, "product": 2, "exclude_groups": [], "created_by": 1, "updated_time": "2015-06-05T21:53:29.873Z", "title": "discount member price", "code": null, "required_groups": [3], "imis_reg_class": "", "price": "50", "created_time": "2015-06-02T21:42:44.351Z", "description": "$50 by May 1st", "required_product_option": 1, "required_product": 2}, "pk": 1, "model": "store.productprice"}, {"fields": {"begin_time": "2015-06-01T00:00:00Z", "end_time": "2015-06-30T00:00:00Z", "priority": 0, "status": "A", "slug": null, "updated_by": 1, "product": 2, "exclude_groups": [], "created_by": 1, "updated_time": "2015-06-05T21:56:45.503Z", "title": "discount member price", "code": null, "required_groups": [3], "imis_reg_class": "", "price": "100", "created_time": "2015-06-03T17:21:53.573Z", "description": "$100 by June 1st", "required_product_option": 1, "required_product": 2}, "pk": 2, "model": "store.productprice"}, {"fields": {"begin_time": "2015-07-01T00:00:00Z", "end_time": "2015-07-31T00:00:00Z", "priority": 0, "status": "A", "slug": null, "updated_by": 1, "product": 2, "exclude_groups": [], "created_by": 1, "updated_time": "2015-06-05T21:58:44.122Z", "title": "because your in congress $10 by June 1st", "code": null, "required_groups": [1], "imis_reg_class": "", "price": "10", "created_time": "2015-06-03T17:23:36.445Z", "description": "We love all our member of congress", "required_product_option": 1, "required_product": 2}, "pk": 3, "model": "store.productprice"}, {"fields": {"begin_time": null, "end_time": null, "priority": 0, "status": "A", "slug": null, "updated_by": 1, "product": 3, "exclude_groups": [], "created_by": 1, "updated_time": "2015-06-09T20:32:35.948Z", "title": "Early Bird", "code": null, "required_groups": [], "imis_reg_class": "", "price": "50", "created_time": "2015-06-08T22:01:07.494Z", "description": "", "required_product_option": 4, "required_product": 3}, "pk": 4, "model": "store.productprice"}, {"fields": {"begin_time": null, "end_time": null, "priority": 0, "status": "A", "slug": null, "updated_by": 1, "product": 3, "exclude_groups": [], "created_by": 1, "updated_time": "2015-06-09T20:32:35.967Z", "title": "Just In Time", "code": null, "required_groups": [], "imis_reg_class": "", "price": "100", "created_time": "2015-06-09T20:32:35.967Z", "description": "", "required_product_option": 4, "required_product": 3}, "pk": 5, "model": "store.productprice"}, {"fields": {"begin_time": null, "end_time": null, "priority": 0, "status": "A", "slug": null, "updated_by": 1, "product": 3, "exclude_groups": [], "created_by": 1, "updated_time": "2015-06-09T20:33:44.097Z", "title": "Procrastinator", "code": null, "required_groups": [], "imis_reg_class": "", "price": "200", "created_time": "2015-06-09T20:33:44.097Z", "description": "", "required_product_option": 4, "required_product": null}, "pk": 6, "model": "store.productprice"}, {"fields": {"begin_time": null, "end_time": null, "priority": 0, "status": "A", "slug": null, "updated_by": 1, "product": 3, "exclude_groups": [], "created_by": 1, "updated_time": "2015-06-09T20:44:55.147Z", "title": "Regular Early Bird", "code": null, "required_groups": [], "imis_reg_class": "", "price": "150", "created_time": "2015-06-09T20:43:52.159Z", "description": "", "required_product_option": 5, "required_product": null}, "pk": 7, "model": "store.productprice"}, {"fields": {"begin_time": null, "end_time": null, "priority": 0, "status": "A", "slug": null, "updated_by": 1, "product": 3, "exclude_groups": [], "created_by": 1, "updated_time": "2015-06-09T20:52:37.466Z", "title": "Regular Just In Time", "code": null, "required_groups": [], "imis_reg_class": "", "price": "250", "created_time": "2015-06-09T20:51:40.740Z", "description": "", "required_product_option": 5, "required_product": null}, "pk": 8, "model": "store.productprice"}, {"fields": {"begin_time": null, "end_time": null, "priority": 0, "status": "A", "slug": null, "updated_by": 1, "product": 3, "exclude_groups": [], "created_by": 1, "updated_time": "2015-06-09T20:52:48.040Z", "title": "Take Your Time", "code": null, "required_groups": [], "imis_reg_class": "", "price": "500", "created_time": "2015-06-09T20:52:17.946Z", "description": "", "required_product_option": 6, "required_product": null}, "pk": 9, "model": "store.productprice"}, {"fields": {"begin_time": null, "end_time": null, "priority": 0, "status": "A", "slug": null, "updated_by": 1, "product": 3, "exclude_groups": [], "created_by": 1, "updated_time": "2015-06-09T20:54:37.281Z", "title": "Regular Procrastinator", "code": null, "required_groups": [], "imis_reg_class": "", "price": "400", "created_time": "2015-06-09T20:54:37.281Z", "description": "", "required_product_option": 5, "required_product": null}, "pk": 10, "model": "store.productprice"}, {"fields": {"begin_time": null, "end_time": null, "priority": 0, "status": "A", "slug": null, "updated_by": 1, "product": 4, "exclude_groups": [], "created_by": 1, "updated_time": "2015-06-10T15:34:14.384Z", "title": "regular registration price", "code": null, "required_groups": [], "imis_reg_class": "", "price": "20", "created_time": "2015-06-10T15:34:14.384Z", "description": "", "required_product_option": 5, "required_product": 3}, "pk": 11, "model": "store.productprice"}, {"fields": {"begin_time": null, "end_time": null, "priority": 0, "status": "A", "slug": null, "updated_by": 1, "product": 5, "exclude_groups": [], "created_by": 1, "updated_time": "2015-06-11T21:09:32.304Z", "title": "cool price", "code": null, "required_groups": [], "imis_reg_class": "", "price": "40", "created_time": "2015-06-11T21:09:32.304Z", "description": "", "required_product_option": 4, "required_product": null}, "pk": 12, "model": "store.productprice"}, {"fields": {"begin_time": null, "end_time": null, "priority": 0, "status": "A", "slug": null, "updated_by": 1, "product": 6, "exclude_groups": [], "created_by": 1, "updated_time": "2015-06-11T21:10:41.490Z", "title": "not cool price", "code": null, "required_groups": [], "imis_reg_class": "", "price": "50", "created_time": "2015-06-11T21:10:41.490Z", "description": "", "required_product_option": null, "required_product": null}, "pk": 13, "model": "store.productprice"}, {"fields": {"begin_time": null, "end_time": null, "priority": 0, "status": "A", "slug": null, "updated_by": 1, "product": 7, "exclude_groups": [], "created_by": 1, "updated_time": "2015-06-12T21:13:14.629Z", "title": "Early Bird", "code": null, "required_groups": [], "imis_reg_class": "", "price": "100", "created_time": "2015-06-12T21:11:57.379Z", "description": "", "required_product_option": 7, "required_product": 7}, "pk": 14, "model": "store.productprice"}, {"fields": {"begin_time": null, "end_time": null, "priority": 0, "status": "A", "slug": null, "updated_by": 1, "product": 7, "exclude_groups": [], "created_by": 1, "updated_time": "2015-06-12T21:14:25.049Z", "title": "Just In Time", "code": null, "required_groups": [], "imis_reg_class": "", "price": "150", "created_time": "2015-06-12T21:13:37.602Z", "description": "", "required_product_option": 7, "required_product": 7}, "pk": 15, "model": "store.productprice"}, {"fields": {"begin_time": null, "end_time": null, "priority": 0, "status": "A", "slug": null, "updated_by": 1, "product": 7, "exclude_groups": [], "created_by": 1, "updated_time": "2015-06-12T21:14:14.058Z", "title": "Procrastinator", "code": null, "required_groups": [], "imis_reg_class": "", "price": "200", "created_time": "2015-06-12T21:14:14.058Z", "description": "", "required_product_option": 7, "required_product": 7}, "pk": 16, "model": "store.productprice"}, {"fields": {"begin_time": null, "end_time": null, "priority": 0, "status": "A", "slug": null, "updated_by": 1, "product": 7, "exclude_groups": [], "created_by": 1, "updated_time": "2015-06-12T21:16:41.307Z", "title": "Silver Early Bird", "code": null, "required_groups": [], "imis_reg_class": "", "price": "150", "created_time": "2015-06-12T21:16:41.307Z", "description": "", "required_product_option": 8, "required_product": 7}, "pk": 17, "model": "store.productprice"}, {"fields": {"begin_time": null, "end_time": null, "priority": 0, "status": "A", "slug": null, "updated_by": 1, "product": 7, "exclude_groups": [], "created_by": 1, "updated_time": "2015-06-12T21:17:54.350Z", "title": "Silver Just In Time", "code": null, "required_groups": [], "imis_reg_class": "", "price": "200", "created_time": "2015-06-12T21:17:54.350Z", "description": "", "required_product_option": 8, "required_product": 7}, "pk": 18, "model": "store.productprice"}, {"fields": {"begin_time": null, "end_time": null, "priority": 0, "status": "A", "slug": null, "updated_by": 1, "product": 7, "exclude_groups": [], "created_by": 1, "updated_time": "2015-06-12T21:18:38.814Z", "title": "Take your Tiem", "code": null, "required_groups": [], "imis_reg_class": "", "price": "300", "created_time": "2015-06-12T21:18:38.814Z", "description": "", "required_product_option": 9, "required_product": 7}, "pk": 19, "model": "store.productprice"}, {"fields": {"begin_time": null, "end_time": null, "priority": 0, "status": "A", "slug": null, "updated_by": 1, "product": 8, "exclude_groups": [], "created_by": 1, "updated_time": "2015-06-12T21:35:06.384Z", "title": "regular price", "code": null, "required_groups": [], "imis_reg_class": "", "price": "20", "created_time": "2015-06-12T21:35:06.384Z", "description": "", "required_product_option": null, "required_product": 7}, "pk": 20, "model": "store.productprice"}, {"fields": {"begin_time": null, "end_time": null, "priority": 0, "status": "A", "slug": null, "updated_by": 1, "product": 9, "exclude_groups": [], "created_by": 1, "updated_time": "2015-06-12T21:47:28.278Z", "title": "FOR VIPs only", "code": null, "required_groups": [], "imis_reg_class": "", "price": "70", "created_time": "2015-06-12T21:47:28.278Z", "description": "", "required_product_option": 9, "required_product": 8}, "pk": 21, "model": "store.productprice"}, {"fields": {"updated_time": "2015-06-08T18:54:37.559Z", "title": "Full Registration", "code": "3425", "status": "A", "slug": "", "created_time": "2015-06-03T15:31:24.926Z", "updated_by": 1, "description": "Full Registration is okay, but you should get a better package", "product": 2, "created_by": 1}, "pk": 1, "model": "store.productoption"}, {"fields": {"updated_time": "2015-06-03T16:07:11.171Z", "title": "Weekend Registration", "code": "2314", "status": "A", "slug": "", "created_time": "2015-06-03T16:07:11.171Z", "updated_by": 1, "description": "Just go for the weekend. This package is definitely not worth it.", "product": 2, "created_by": 1}, "pk": 2, "model": "store.productoption"}, {"fields": {"updated_time": "2015-06-03T16:09:10.383Z", "title": "2015 Extravaganza package", "code": "3425", "status": "A", "slug": "", "created_time": "2015-06-03T16:09:10.383Z", "updated_by": 1, "description": "This package is the real deal. just ignore the other options on this page.", "product": 2, "created_by": 1}, "pk": 3, "model": "store.productoption"}, {"fields": {"updated_time": "2015-06-09T20:22:28.284Z", "title": "Cheapskate Registration", "code": "", "status": "A", "slug": "", "created_time": "2015-06-08T22:01:34.677Z", "updated_by": 1, "description": "You won't have as much fun as everyone else.", "product": 3, "created_by": 1}, "pk": 4, "model": "store.productoption"}, {"fields": {"updated_time": "2015-06-09T20:40:29.705Z", "title": "Regular Registration", "code": "", "status": "A", "slug": "", "created_time": "2015-06-09T20:40:15.877Z", "updated_by": 1, "description": "If you spend a bit more, it will probably the greatest conference of your life", "product": 3, "created_by": 1}, "pk": 5, "model": "store.productoption"}, {"fields": {"updated_time": "2015-06-09T20:42:10.510Z", "title": "Big Spender Registration", "code": "", "status": "A", "slug": "", "created_time": "2015-06-09T20:42:10.510Z", "updated_by": 1, "description": "We will pull out all the stops for you. You will be treated like royalty", "product": 3, "created_by": 1}, "pk": 6, "model": "store.productoption"}, {"fields": {"updated_time": "2015-06-12T20:42:12.078Z", "title": "Regular Registration", "code": "", "status": "A", "slug": "", "created_time": "2015-06-12T20:42:12.078Z", "updated_by": 1, "description": "Access to all free session, meal not included, NO ACCESS to VIP sessions", "product": 7, "created_by": 1}, "pk": 7, "model": "store.productoption"}, {"fields": {"updated_time": "2015-06-12T21:05:06.997Z", "title": "Silver Registration", "code": "", "status": "A", "slug": "", "created_time": "2015-06-12T21:05:06.997Z", "updated_by": 1, "description": "Access to all free sessions, meal included, Can buy access to VIP sessions", "product": 7, "created_by": 1}, "pk": 8, "model": "store.productoption"}, {"fields": {"updated_time": "2015-06-12T21:08:52.277Z", "title": "VIP Registration", "code": "", "status": "A", "slug": "", "created_time": "2015-06-12T21:08:52.277Z", "updated_by": 1, "description": "Includes Some VIP sessions. Access to buffet.", "product": 7, "created_by": 1}, "pk": 9, "model": "store.productoption"}, {"fields": {"max_quantity_per_person": null, "question_2": null, "status": "A", "max_quantity": null, "content": 1, "agreement_statement_2": null, "gl_account": "", "agreement_statement_3": null, "agreement_statement_1": null, "imis_code": "", "question_1": null, "slug": null, "max_quantity_standby": null, "updated_by": 1, "future_groups": [], "created_by": 1, "updated_time": "2015-06-02T20:31:09.938Z", "title": "fun p", "code": "2312", "created_time": "2015-06-02T20:31:09.938Z", "question_3": null, "product_type": "", "description": ""}, "pk": 1, "model": "store.product"}, {"fields": {"max_quantity_per_person": null, "question_2": "Who deserves a planning awards and why?", "status": "A", "max_quantity": null, "content": 2, "agreement_statement_2": "Are you a VIP?", "gl_account": "12", "agreement_statement_3": "Do you need wheelchair access?", "agreement_statement_1": "Do you need a vegetarian option?", "imis_code": "12", "question_1": "Why are you interested in planning?", "slug": null, "max_quantity_standby": null, "updated_by": 1, "future_groups": [], "created_by": 1, "updated_time": "2015-06-08T21:50:38.668Z", "title": "Registration Type", "code": "12345", "created_time": "2015-06-02T21:11:58.208Z", "question_3": "Are you for real?", "product_type": "ACTIVITY_TICKET", "description": "The more you spend, the more fun and benefits you get!"}, "pk": 2, "model": "store.product"}, {"fields": {"max_quantity_per_person": null, "question_2": "Describe a community that needs to planning", "status": "A", "max_quantity": null, "content": 4, "agreement_statement_2": "Do you need wheelchair access to the building?", "gl_account": "123", "agreement_statement_3": "", "agreement_statement_1": "Do you need a vegetarian option?", "imis_code": "123", "question_1": "Why are you interested in planning?", "slug": null, "max_quantity_standby": null, "updated_by": 1, "future_groups": [], "created_by": 1, "updated_time": "2015-06-09T20:54:37.273Z", "title": "Conference Registration Type", "code": "CHICAGO_2015_REGISTRATION_TYPE", "created_time": "2015-06-08T19:04:48.763Z", "question_3": "", "product_type": "EVENT_REGISTRATION", "description": ""}, "pk": 3, "model": "store.product"}, {"fields": {"max_quantity_per_person": null, "question_2": "", "status": "A", "max_quantity": null, "content": 3, "agreement_statement_2": "", "gl_account": "asdfsdf", "agreement_statement_3": "", "agreement_statement_1": "", "imis_code": "asefef", "question_1": "", "slug": null, "max_quantity_standby": null, "updated_by": 1, "future_groups": [], "created_by": 1, "updated_time": "2015-06-10T15:34:14.379Z", "title": "Park Design Ticket", "code": "", "created_time": "2015-06-10T15:28:06.567Z", "question_3": "", "product_type": "ACTIVITY_TICKET", "description": ""}, "pk": 4, "model": "store.product"}, {"fields": {"max_quantity_per_person": null, "question_2": "", "status": "A", "max_quantity": null, "content": 5, "agreement_statement_2": "", "gl_account": "sdfd", "agreement_statement_3": "", "agreement_statement_1": "", "imis_code": "sdf", "question_1": "", "slug": null, "max_quantity_standby": null, "updated_by": 1, "future_groups": [], "created_by": 1, "updated_time": "2015-06-11T21:09:32.298Z", "title": "", "code": "", "created_time": "2015-06-11T21:08:48.993Z", "question_3": "", "product_type": "ACTIVITY_TICKET", "description": ""}, "pk": 5, "model": "store.product"}, {"fields": {"max_quantity_per_person": null, "question_2": "", "status": "A", "max_quantity": null, "content": 6, "agreement_statement_2": "", "gl_account": "5234", "agreement_statement_3": "", "agreement_statement_1": "", "imis_code": "234234", "question_1": "", "slug": null, "max_quantity_standby": null, "updated_by": 1, "future_groups": [], "created_by": 1, "updated_time": "2015-06-11T21:10:41.484Z", "title": "", "code": "", "created_time": "2015-06-11T21:10:20.358Z", "question_3": "", "product_type": "ACTIVITY_TICKET", "description": ""}, "pk": 6, "model": "store.product"}, {"fields": {"max_quantity_per_person": null, "question_2": "What do you hope to achieve in this conference?", "status": "A", "max_quantity": null, "content": 7, "agreement_statement_2": "Do you required wheelchair access?", "gl_account": "NOT_SET", "agreement_statement_3": "", "agreement_statement_1": "Do you need a vegetarian option?", "imis_code": "NOT_SET", "question_1": "Why are you interested in planning?", "slug": null, "max_quantity_standby": null, "updated_by": 1, "future_groups": [], "created_by": 1, "updated_time": "2015-06-12T21:18:38.806Z", "title": "2014 Registration Options", "code": "2015_NAT_CONF", "created_time": "2015-06-12T20:35:02.652Z", "question_3": "Is there any specific community issues you are interested in bringing attention too?", "product_type": "EVENT_REGISTRATION", "description": ""}, "pk": 7, "model": "store.product"}, {"fields": {"max_quantity_per_person": null, "question_2": "", "status": "A", "max_quantity": null, "content": 8, "agreement_statement_2": "", "gl_account": "not", "agreement_statement_3": "", "agreement_statement_1": "", "imis_code": "not", "question_1": "", "slug": null, "max_quantity_standby": null, "updated_by": 1, "future_groups": [], "created_by": 1, "updated_time": "2015-06-12T21:35:06.379Z", "title": "Planning a school", "code": "", "created_time": "2015-06-12T21:34:11.959Z", "question_3": "", "product_type": "EVENT_REGISTRATION", "description": ""}, "pk": 8, "model": "store.product"}, {"fields": {"max_quantity_per_person": null, "question_2": "", "status": "A", "max_quantity": null, "content": 9, "agreement_statement_2": "", "gl_account": "not", "agreement_statement_3": "", "agreement_statement_1": "", "imis_code": "not", "question_1": "", "slug": null, "max_quantity_standby": null, "updated_by": 1, "future_groups": [], "created_by": 1, "updated_time": "2015-06-12T21:47:28.272Z", "title": "Planning a community Center", "code": "", "created_time": "2015-06-12T21:46:16.246Z", "question_3": "", "product_type": "ACTIVITY_TICKET", "description": ""}, "pk": 9, "model": "store.product"}, {"fields": {"permission_groups": [], "cm_law_approved": null, "begin_time": null, "event_type": "ACTIVITY", "state": null, "cm_ethics_approved": null, "country": null, "cm_law_requested": null, "cm_ethics_requested": null, "address1": null, "end_time": null, "user_address_num": null, "cm_requested": null, "city": null, "taxo_topics": [], "zip_code": null, "address2": null, "cm_status": "A", "cm_approved": null, "price_default": null}, "pk": 1, "model": "events.event"}, {"fields": {"permission_groups": [], "cm_law_approved": null, "begin_time": null, "event_type": "ACTIVITY", "state": null, "cm_ethics_approved": null, "country": null, "cm_law_requested": null, "cm_ethics_requested": null, "address1": null, "end_time": null, "user_address_num": null, "cm_requested": null, "city": null, "taxo_topics": [], "zip_code": null, "address2": null, "cm_status": "A", "cm_approved": null, "price_default": null}, "pk": 2, "model": "events.event"}, {"fields": {"permission_groups": [], "cm_law_approved": null, "begin_time": null, "event_type": "ACTIVITY", "state": null, "cm_ethics_approved": null, "country": null, "cm_law_requested": null, "cm_ethics_requested": null, "address1": null, "end_time": null, "user_address_num": null, "cm_requested": null, "city": null, "taxo_topics": [], "zip_code": null, "address2": null, "cm_status": "A", "cm_approved": null, "price_default": null}, "pk": 3, "model": "events.event"}, {"fields": {"permission_groups": [], "cm_law_approved": null, "begin_time": null, "event_type": "EVENT_MULTI", "state": null, "cm_ethics_approved": null, "country": null, "cm_law_requested": null, "cm_ethics_requested": null, "address1": null, "end_time": null, "user_address_num": null, "cm_requested": null, "city": null, "taxo_topics": [], "zip_code": null, "address2": null, "cm_status": "A", "cm_approved": null, "price_default": null}, "pk": 4, "model": "events.event"}, {"fields": {"permission_groups": [], "cm_law_approved": null, "begin_time": null, "event_type": "ACTIVITY", "state": null, "cm_ethics_approved": null, "country": null, "cm_law_requested": null, "cm_ethics_requested": null, "address1": null, "end_time": null, "user_address_num": null, "cm_requested": null, "city": null, "taxo_topics": [], "zip_code": null, "address2": null, "cm_status": "A", "cm_approved": null, "price_default": null}, "pk": 5, "model": "events.event"}, {"fields": {"permission_groups": [], "cm_law_approved": null, "begin_time": null, "event_type": "ACTIVITY", "state": null, "cm_ethics_approved": null, "country": null, "cm_law_requested": null, "cm_ethics_requested": null, "address1": null, "end_time": null, "user_address_num": null, "cm_requested": null, "city": null, "taxo_topics": [], "zip_code": null, "address2": null, "cm_status": "A", "cm_approved": null, "price_default": null}, "pk": 6, "model": "events.event"}, {"fields": {"permission_groups": [], "cm_law_approved": null, "begin_time": null, "event_type": "EVENT_MULTI", "state": null, "cm_ethics_approved": null, "country": null, "cm_law_requested": null, "cm_ethics_requested": null, "address1": null, "end_time": null, "user_address_num": null, "cm_requested": null, "city": null, "taxo_topics": [], "zip_code": null, "address2": null, "cm_status": "A", "cm_approved": null, "price_default": null}, "pk": 7, "model": "events.event"}, {"fields": {"permission_groups": [], "cm_law_approved": null, "begin_time": null, "event_type": "ACTIVITY", "state": null, "cm_ethics_approved": null, "country": null, "cm_law_requested": null, "cm_ethics_requested": null, "address1": null, "end_time": null, "user_address_num": null, "cm_requested": null, "city": null, "taxo_topics": [], "zip_code": null, "address2": null, "cm_status": "A", "cm_approved": null, "price_default": null}, "pk": 8, "model": "events.event"}, {"fields": {"permission_groups": [], "cm_law_approved": null, "begin_time": null, "event_type": "ACTIVITY", "state": null, "cm_ethics_approved": null, "country": null, "cm_law_requested": null, "cm_ethics_requested": null, "address1": null, "end_time": null, "user_address_num": null, "cm_requested": null, "city": null, "taxo_topics": [], "zip_code": null, "address2": null, "cm_status": "A", "cm_approved": null, "price_default": null}, "pk": 9, "model": "events.event"}, {"fields": {"action_time": "2015-06-02T20:30:01.673Z", "action_flag": 1, "object_repr": "annual conference", "change_message": "", "user": 1, "content_type": 37, "object_id": "1"}, "pk": 1, "model": "admin.logentry"}, {"fields": {"action_time": "2015-06-02T20:31:09.941Z", "action_flag": 2, "object_repr": "annual conference", "change_message": "Changed parent. Added product \"fun p\".", "user": 1, "content_type": 37, "object_id": "1"}, "pk": 2, "model": "admin.logentry"}, {"fields": {"action_time": "2015-06-02T21:05:11.773Z", "action_flag": 1, "object_repr": "2015 APA extravaganza", "change_message": "", "user": 1, "content_type": 37, "object_id": "2"}, "pk": 3, "model": "admin.logentry"}, {"fields": {"action_time": "2015-06-02T21:11:58.210Z", "action_flag": 2, "object_repr": "2015 APA extravaganza", "change_message": "Changed parent. Added product \"Full Registration\".", "user": 1, "content_type": 37, "object_id": "2"}, "pk": 4, "model": "admin.logentry"}, {"fields": {"action_time": "2015-06-02T21:15:09.598Z", "action_flag": 2, "object_repr": "Registration Type", "change_message": "Changed title and description.", "user": 1, "content_type": 46, "object_id": "2"}, "pk": 5, "model": "admin.logentry"}, {"fields": {"action_time": "2015-06-02T21:42:44.358Z", "action_flag": 2, "object_repr": "Registration Type", "change_message": "Added product price \"$50 by May 1\".", "user": 1, "content_type": 46, "object_id": "2"}, "pk": 6, "model": "admin.logentry"}, {"fields": {"action_time": "2015-06-03T15:29:58.946Z", "action_flag": 2, "object_repr": "Registration Type", "change_message": "No fields changed.", "user": 1, "content_type": 46, "object_id": "2"}, "pk": 7, "model": "admin.logentry"}, {"fields": {"action_time": "2015-06-03T15:31:24.928Z", "action_flag": 2, "object_repr": "Registration Type", "change_message": "Added product option \"Full Registratoin\".", "user": 1, "content_type": 46, "object_id": "2"}, "pk": 8, "model": "admin.logentry"}, {"fields": {"action_time": "2015-06-03T16:07:11.173Z", "action_flag": 2, "object_repr": "Registration Type", "change_message": "Added product option \"Weekend Registration\".", "user": 1, "content_type": 46, "object_id": "2"}, "pk": 9, "model": "admin.logentry"}, {"fields": {"action_time": "2015-06-03T16:09:10.385Z", "action_flag": 2, "object_repr": "Registration Type", "change_message": "Added product option \"2015 Extravaganza package\".", "user": 1, "content_type": 46, "object_id": "2"}, "pk": 10, "model": "admin.logentry"}, {"fields": {"action_time": "2015-06-03T17:20:12.151Z", "action_flag": 2, "object_repr": "Registration Type", "change_message": "Changed required_product_option for product price \"$50 by May 1\".", "user": 1, "content_type": 46, "object_id": "2"}, "pk": 11, "model": "admin.logentry"}, {"fields": {"action_time": "2015-06-03T17:20:25.504Z", "action_flag": 2, "object_repr": "Registration Type", "change_message": "Changed required_product for product price \"$50 by May 1\".", "user": 1, "content_type": 46, "object_id": "2"}, "pk": 12, "model": "admin.logentry"}, {"fields": {"action_time": "2015-06-03T17:21:53.583Z", "action_flag": 2, "object_repr": "Registration Type", "change_message": "Added product price \"$100 by June1\".", "user": 1, "content_type": 46, "object_id": "2"}, "pk": 13, "model": "admin.logentry"}, {"fields": {"action_time": "2015-06-03T17:23:36.452Z", "action_flag": 2, "object_repr": "Registration Type", "change_message": "Added product price \"$200 by July 1\".", "user": 1, "content_type": 46, "object_id": "2"}, "pk": 14, "model": "admin.logentry"}, {"fields": {"action_time": "2015-06-04T20:01:58.368Z", "action_flag": 1, "object_repr": "session", "change_message": "", "user": 1, "content_type": 37, "object_id": "3"}, "pk": 15, "model": "admin.logentry"}, {"fields": {"action_time": "2015-06-04T20:02:40.110Z", "action_flag": 2, "object_repr": "session", "change_message": "Changed parent.", "user": 1, "content_type": 37, "object_id": "3"}, "pk": 16, "model": "admin.logentry"}, {"fields": {"action_time": "2015-06-05T20:57:15.277Z", "action_flag": 1, "object_repr": "jimmy", "change_message": "", "user": 1, "content_type": 4, "object_id": "2"}, "pk": 17, "model": "admin.logentry"}, {"fields": {"action_time": "2015-06-05T20:58:48.774Z", "action_flag": 2, "object_repr": "jimmy", "change_message": "Changed first_name, last_name and email.", "user": 1, "content_type": 4, "object_id": "2"}, "pk": 18, "model": "admin.logentry"}, {"fields": {"action_time": "2015-06-05T21:40:03.061Z", "action_flag": 1, "object_repr": "Elite Political People", "change_message": "", "user": 1, "content_type": 3, "object_id": "1"}, "pk": 19, "model": "admin.logentry"}, {"fields": {"action_time": "2015-06-05T21:40:38.982Z", "action_flag": 1, "object_repr": "regular_people", "change_message": "", "user": 1, "content_type": 3, "object_id": "2"}, "pk": 20, "model": "admin.logentry"}, {"fields": {"action_time": "2015-06-05T21:40:54.206Z", "action_flag": 2, "object_repr": "elite_political_people", "change_message": "Changed name.", "user": 1, "content_type": 3, "object_id": "1"}, "pk": 21, "model": "admin.logentry"}, {"fields": {"action_time": "2015-06-05T21:41:14.734Z", "action_flag": 1, "object_repr": "discount_member", "change_message": "", "user": 1, "content_type": 3, "object_id": "3"}, "pk": 22, "model": "admin.logentry"}, {"fields": {"action_time": "2015-06-05T21:41:30.048Z", "action_flag": 2, "object_repr": "regular_member", "change_message": "Changed name.", "user": 1, "content_type": 3, "object_id": "2"}, "pk": 23, "model": "admin.logentry"}, {"fields": {"action_time": "2015-06-05T21:41:43.975Z", "action_flag": 2, "object_repr": "elite_political_member", "change_message": "Changed name.", "user": 1, "content_type": 3, "object_id": "1"}, "pk": 24, "model": "admin.logentry"}, {"fields": {"action_time": "2015-06-05T21:53:29.883Z", "action_flag": 2, "object_repr": "12345", "change_message": "Changed imis_code and gl_account. Changed title, required_groups and description for product price \"discount member price: $50 | A | 1\".", "user": 1, "content_type": 46, "object_id": "2"}, "pk": 25, "model": "admin.logentry"}, {"fields": {"action_time": "2015-06-05T21:56:45.513Z", "action_flag": 2, "object_repr": "12345", "change_message": "Changed title, required_groups and description for product price \"discount member price: $100 | A | 0\".", "user": 1, "content_type": 46, "object_id": "2"}, "pk": 26, "model": "admin.logentry"}, {"fields": {"action_time": "2015-06-05T21:58:44.133Z", "action_flag": 2, "object_repr": "12345", "change_message": "Changed title, price, required_groups and description for product price \"because your in congress $10 by June 1st: $10 | A | 0\".", "user": 1, "content_type": 46, "object_id": "2"}, "pk": 27, "model": "admin.logentry"}, {"fields": {"action_time": "2015-06-08T18:51:08.786Z", "action_flag": 2, "object_repr": "2015 APA extravaganza", "change_message": "Changed parent. Changed question_1, question_2, agreement_statement_1, agreement_statement_2 and agreement_statement_3 for product \"12345\".", "user": 1, "content_type": 37, "object_id": "2"}, "pk": 28, "model": "admin.logentry"}, {"fields": {"action_time": "2015-06-08T18:54:37.561Z", "action_flag": 2, "object_repr": "12345", "change_message": "Changed title for product option \"Full Registration\".", "user": 1, "content_type": 46, "object_id": "2"}, "pk": 29, "model": "admin.logentry"}, {"fields": {"action_time": "2015-06-08T18:59:06.138Z", "action_flag": 1, "object_repr": "2015 APA Chicago Conference", "change_message": "", "user": 1, "content_type": 39, "object_id": "4"}, "pk": 30, "model": "admin.logentry"}, {"fields": {"action_time": "2015-06-08T19:04:48.767Z", "action_flag": 2, "object_repr": "2015 APA Chicago Conference", "change_message": "Added product \"CHICAGO_2015_REGISTRATION_TYPE\".", "user": 1, "content_type": 39, "object_id": "4"}, "pk": 31, "model": "admin.logentry"}, {"fields": {"action_time": "2015-06-08T19:08:18.463Z", "action_flag": 2, "object_repr": "2015 APA Chicago Conference", "change_message": "Changed question_1, question_2, agreement_statement_1 and agreement_statement_2 for product \"CHICAGO_2015_REGISTRATION_TYPE\".", "user": 1, "content_type": 39, "object_id": "4"}, "pk": 32, "model": "admin.logentry"}, {"fields": {"action_time": "2015-06-08T21:50:38.673Z", "action_flag": 2, "object_repr": "2015 APA extravaganza", "change_message": "Changed parent. Changed question_3 for product \"12345\".", "user": 1, "content_type": 37, "object_id": "2"}, "pk": 33, "model": "admin.logentry"}, {"fields": {"action_time": "2015-06-08T22:01:07.503Z", "action_flag": 2, "object_repr": "CHICAGO_2015_REGISTRATION_TYPE", "change_message": "Added product price \"chicago price: $100 | A | 0\".", "user": 1, "content_type": 46, "object_id": "3"}, "pk": 34, "model": "admin.logentry"}, {"fields": {"action_time": "2015-06-08T22:01:34.679Z", "action_flag": 2, "object_repr": "CHICAGO_2015_REGISTRATION_TYPE", "change_message": "Added product option \"full registration\".", "user": 1, "content_type": 46, "object_id": "3"}, "pk": 35, "model": "admin.logentry"}, {"fields": {"action_time": "2015-06-08T22:02:06.959Z", "action_flag": 2, "object_repr": "CHICAGO_2015_REGISTRATION_TYPE", "change_message": "Changed required_product and required_product_option for product price \"chicago price: $100 | A | 0\".", "user": 1, "content_type": 46, "object_id": "3"}, "pk": 36, "model": "admin.logentry"}, {"fields": {"action_time": "2015-06-09T20:21:23.613Z", "action_flag": 2, "object_repr": "CHICAGO_2015_REGISTRATION_TYPE", "change_message": "Changed title and description for product option \"Cheapskate registration\".", "user": 1, "content_type": 46, "object_id": "3"}, "pk": 37, "model": "admin.logentry"}, {"fields": {"action_time": "2015-06-09T20:22:28.286Z", "action_flag": 2, "object_repr": "CHICAGO_2015_REGISTRATION_TYPE", "change_message": "Changed title for product option \"Cheapskate Registration\".", "user": 1, "content_type": 46, "object_id": "3"}, "pk": 38, "model": "admin.logentry"}, {"fields": {"action_time": "2015-06-09T20:32:35.976Z", "action_flag": 2, "object_repr": "CHICAGO_2015_REGISTRATION_TYPE", "change_message": "Added product price \"Just In Time: $100 | A | 0\". Changed title and price for product price \"Early Bird: $50 | A | 0\".", "user": 1, "content_type": 46, "object_id": "3"}, "pk": 39, "model": "admin.logentry"}, {"fields": {"action_time": "2015-06-09T20:33:44.104Z", "action_flag": 2, "object_repr": "CHICAGO_2015_REGISTRATION_TYPE", "change_message": "Added product price \"Procrastinator: $200 | A | 0\".", "user": 1, "content_type": 46, "object_id": "3"}, "pk": 40, "model": "admin.logentry"}, {"fields": {"action_time": "2015-06-09T20:40:15.879Z", "action_flag": 2, "object_repr": "CHICAGO_2015_REGISTRATION_TYPE", "change_message": "Added product option \"\".", "user": 1, "content_type": 46, "object_id": "3"}, "pk": 41, "model": "admin.logentry"}, {"fields": {"action_time": "2015-06-09T20:40:29.707Z", "action_flag": 2, "object_repr": "CHICAGO_2015_REGISTRATION_TYPE", "change_message": "Changed code and title for product option \"Regular Registration\".", "user": 1, "content_type": 46, "object_id": "3"}, "pk": 42, "model": "admin.logentry"}, {"fields": {"action_time": "2015-06-09T20:42:10.512Z", "action_flag": 2, "object_repr": "CHICAGO_2015_REGISTRATION_TYPE", "change_message": "Added product option \"Big Spender Registration\".", "user": 1, "content_type": 46, "object_id": "3"}, "pk": 43, "model": "admin.logentry"}, {"fields": {"action_time": "2015-06-09T20:43:52.167Z", "action_flag": 2, "object_repr": "CHICAGO_2015_REGISTRATION_TYPE", "change_message": "Added product price \"Regular Early Bird: $150 | A | 0\".", "user": 1, "content_type": 46, "object_id": "3"}, "pk": 44, "model": "admin.logentry"}, {"fields": {"action_time": "2015-06-09T20:44:55.155Z", "action_flag": 2, "object_repr": "CHICAGO_2015_REGISTRATION_TYPE", "change_message": "Changed required_product_option for product price \"Regular Early Bird: $150 | A | 0\".", "user": 1, "content_type": 46, "object_id": "3"}, "pk": 45, "model": "admin.logentry"}, {"fields": {"action_time": "2015-06-09T20:51:40.748Z", "action_flag": 2, "object_repr": "CHICAGO_2015_REGISTRATION_TYPE", "change_message": "Added product price \"Regular Just In Time: $250 | A | 0\".", "user": 1, "content_type": 46, "object_id": "3"}, "pk": 46, "model": "admin.logentry"}, {"fields": {"action_time": "2015-06-09T20:52:17.953Z", "action_flag": 2, "object_repr": "CHICAGO_2015_REGISTRATION_TYPE", "change_message": "Added product price \"Take Your Time: $500 | A | 0\".", "user": 1, "content_type": 46, "object_id": "3"}, "pk": 47, "model": "admin.logentry"}, {"fields": {"action_time": "2015-06-09T20:52:37.476Z", "action_flag": 2, "object_repr": "CHICAGO_2015_REGISTRATION_TYPE", "change_message": "Changed required_product_option for product price \"Regular Just In Time: $250 | A | 0\".", "user": 1, "content_type": 46, "object_id": "3"}, "pk": 48, "model": "admin.logentry"}, {"fields": {"action_time": "2015-06-09T20:52:48.048Z", "action_flag": 2, "object_repr": "CHICAGO_2015_REGISTRATION_TYPE", "change_message": "Changed required_product_option for product price \"Take Your Time: $500 | A | 0\".", "user": 1, "content_type": 46, "object_id": "3"}, "pk": 49, "model": "admin.logentry"}, {"fields": {"action_time": "2015-06-09T20:54:37.288Z", "action_flag": 2, "object_repr": "CHICAGO_2015_REGISTRATION_TYPE", "change_message": "Added product price \"Regular Procrastinator: $400 | A | 0\".", "user": 1, "content_type": 46, "object_id": "3"}, "pk": 50, "model": "admin.logentry"}, {"fields": {"action_time": "2015-06-09T21:06:11.521Z", "action_flag": 2, "object_repr": "Special Session #1", "change_message": "Changed title, description and parent.", "user": 1, "content_type": 37, "object_id": "3"}, "pk": 51, "model": "admin.logentry"}, {"fields": {"action_time": "2015-06-10T14:15:45.323Z", "action_flag": 2, "object_repr": "Special Session #1", "change_message": "Changed parent.", "user": 1, "content_type": 30, "object_id": "3"}, "pk": 52, "model": "admin.logentry"}, {"fields": {"action_time": "2015-06-10T14:45:52.940Z", "action_flag": 2, "object_repr": "2015 APA Chicago Conference", "change_message": "Changed parent.", "user": 1, "content_type": 30, "object_id": "4"}, "pk": 53, "model": "admin.logentry"}, {"fields": {"action_time": "2015-06-10T14:48:44.912Z", "action_flag": 2, "object_repr": "2015 APA Chicago Conference", "change_message": "No fields changed.", "user": 1, "content_type": 30, "object_id": "4"}, "pk": 54, "model": "admin.logentry"}, {"fields": {"action_time": "2015-06-10T15:01:00.186Z", "action_flag": 2, "object_repr": "2015 APA Chicago Conference", "change_message": "Changed publish_time.", "user": 1, "content_type": 30, "object_id": "4"}, "pk": 55, "model": "admin.logentry"}, {"fields": {"action_time": "2015-06-10T15:26:45.118Z", "action_flag": 2, "object_repr": "Park Design", "change_message": "Changed title and description.", "user": 1, "content_type": 30, "object_id": "3"}, "pk": 56, "model": "admin.logentry"}, {"fields": {"action_time": "2015-06-10T15:28:06.571Z", "action_flag": 2, "object_repr": "Park Design", "change_message": "Added product \"\".", "user": 1, "content_type": 30, "object_id": "3"}, "pk": 57, "model": "admin.logentry"}, {"fields": {"action_time": "2015-06-10T15:34:14.394Z", "action_flag": 2, "object_repr": "", "change_message": "Added product price \"regular registration price: $20 | A | 0\".", "user": 1, "content_type": 46, "object_id": "4"}, "pk": 58, "model": "admin.logentry"}, {"fields": {"action_time": "2015-06-10T18:05:54.923Z", "action_flag": 1, "object_repr": "Why Planners Should Be Opinion Leaders", "change_message": "", "user": 1, "content_type": 30, "object_id": "5"}, "pk": 59, "model": "admin.logentry"}, {"fields": {"action_time": "2015-06-10T18:06:28.224Z", "action_flag": 2, "object_repr": "Why Planners Should Be Opinion Leaders", "change_message": "Changed event_type and parent.", "user": 1, "content_type": 30, "object_id": "5"}, "pk": 60, "model": "admin.logentry"}, {"fields": {"action_time": "2015-06-10T18:11:35.202Z", "action_flag": 1, "object_repr": "Regulating the Home-Sharing Industry", "change_message": "", "user": 1, "content_type": 30, "object_id": "6"}, "pk": 61, "model": "admin.logentry"}, {"fields": {"action_time": "2015-06-11T21:08:48.998Z", "action_flag": 2, "object_repr": "Why Planners Should Be Opinion Leaders", "change_message": "Added product \"\".", "user": 1, "content_type": 30, "object_id": "5"}, "pk": 62, "model": "admin.logentry"}, {"fields": {"action_time": "2015-06-11T21:09:32.313Z", "action_flag": 2, "object_repr": "", "change_message": "Added product price \"cool price: $40 | A | 0\".", "user": 1, "content_type": 46, "object_id": "5"}, "pk": 63, "model": "admin.logentry"}, {"fields": {"action_time": "2015-06-11T21:10:20.362Z", "action_flag": 2, "object_repr": "Regulating the Home-Sharing Industry", "change_message": "Added product \"\".", "user": 1, "content_type": 30, "object_id": "6"}, "pk": 64, "model": "admin.logentry"}, {"fields": {"action_time": "2015-06-11T21:10:41.496Z", "action_flag": 2, "object_repr": "", "change_message": "Added product price \"not cool price: $50 | A | 0\".", "user": 1, "content_type": 46, "object_id": "6"}, "pk": 65, "model": "admin.logentry"}, {"fields": {"action_time": "2015-06-12T20:28:36.857Z", "action_flag": 1, "object_repr": "2015 APA NATIONAL CONFERENCE", "change_message": "", "user": 1, "content_type": 39, "object_id": "7"}, "pk": 66, "model": "admin.logentry"}, {"fields": {"action_time": "2015-06-12T20:35:02.657Z", "action_flag": 2, "object_repr": "2015 APA NATIONAL CONFERENCE", "change_message": "Added product \"2015_NAT_CONF\".", "user": 1, "content_type": 39, "object_id": "7"}, "pk": 67, "model": "admin.logentry"}, {"fields": {"action_time": "2015-06-12T20:42:12.080Z", "action_flag": 2, "object_repr": "2015_NAT_CONF", "change_message": "Added product option \"Regular Registration\".", "user": 1, "content_type": 46, "object_id": "7"}, "pk": 68, "model": "admin.logentry"}, {"fields": {"action_time": "2015-06-12T21:05:07.000Z", "action_flag": 2, "object_repr": "2015_NAT_CONF", "change_message": "Added product option \"Silver Registration\".", "user": 1, "content_type": 46, "object_id": "7"}, "pk": 69, "model": "admin.logentry"}, {"fields": {"action_time": "2015-06-12T21:08:52.279Z", "action_flag": 2, "object_repr": "2015_NAT_CONF", "change_message": "Added product option \"VIP Registration\".", "user": 1, "content_type": 46, "object_id": "7"}, "pk": 70, "model": "admin.logentry"}, {"fields": {"action_time": "2015-06-12T21:11:57.390Z", "action_flag": 2, "object_repr": "2015_NAT_CONF", "change_message": "Added product price \"Early Bird: $50 | A | 0\".", "user": 1, "content_type": 46, "object_id": "7"}, "pk": 71, "model": "admin.logentry"}, {"fields": {"action_time": "2015-06-12T21:13:14.637Z", "action_flag": 2, "object_repr": "2015_NAT_CONF", "change_message": "Changed price for product price \"Early Bird: $100 | A | 0\".", "user": 1, "content_type": 46, "object_id": "7"}, "pk": 72, "model": "admin.logentry"}, {"fields": {"action_time": "2015-06-12T21:13:37.610Z", "action_flag": 2, "object_repr": "2015_NAT_CONF", "change_message": "Added product price \"Early Bird: $150 | A | 0\".", "user": 1, "content_type": 46, "object_id": "7"}, "pk": 73, "model": "admin.logentry"}, {"fields": {"action_time": "2015-06-12T21:14:14.066Z", "action_flag": 2, "object_repr": "2015_NAT_CONF", "change_message": "Added product price \"Procrastinator: $200 | A | 0\".", "user": 1, "content_type": 46, "object_id": "7"}, "pk": 74, "model": "admin.logentry"}, {"fields": {"action_time": "2015-06-12T21:14:25.056Z", "action_flag": 2, "object_repr": "2015_NAT_CONF", "change_message": "Changed title for product price \"Just In Time: $150 | A | 0\".", "user": 1, "content_type": 46, "object_id": "7"}, "pk": 75, "model": "admin.logentry"}, {"fields": {"action_time": "2015-06-12T21:16:41.316Z", "action_flag": 2, "object_repr": "2015_NAT_CONF", "change_message": "Added product price \"Silver Early Bird: $150 | A | 0\".", "user": 1, "content_type": 46, "object_id": "7"}, "pk": 76, "model": "admin.logentry"}, {"fields": {"action_time": "2015-06-12T21:17:54.358Z", "action_flag": 2, "object_repr": "2015_NAT_CONF", "change_message": "Added product price \"Silver Just In Time: $200 | A | 0\".", "user": 1, "content_type": 46, "object_id": "7"}, "pk": 77, "model": "admin.logentry"}, {"fields": {"action_time": "2015-06-12T21:18:38.822Z", "action_flag": 2, "object_repr": "2015_NAT_CONF", "change_message": "Added product price \"Take your Tiem: $300 | A | 0\".", "user": 1, "content_type": 46, "object_id": "7"}, "pk": 78, "model": "admin.logentry"}, {"fields": {"action_time": "2015-06-12T21:33:40.771Z", "action_flag": 1, "object_repr": "Planning A School", "change_message": "", "user": 1, "content_type": 30, "object_id": "8"}, "pk": 79, "model": "admin.logentry"}, {"fields": {"action_time": "2015-06-12T21:34:11.962Z", "action_flag": 2, "object_repr": "Planning A School", "change_message": "Added product \"\".", "user": 1, "content_type": 30, "object_id": "8"}, "pk": 80, "model": "admin.logentry"}, {"fields": {"action_time": "2015-06-12T21:35:06.390Z", "action_flag": 2, "object_repr": "", "change_message": "Added product price \"regular price: $20 | A | 0\".", "user": 1, "content_type": 46, "object_id": "8"}, "pk": 81, "model": "admin.logentry"}, {"fields": {"action_time": "2015-06-12T21:37:18.294Z", "action_flag": 2, "object_repr": "Planning A School", "change_message": "Changed parent.", "user": 1, "content_type": 30, "object_id": "8"}, "pk": 82, "model": "admin.logentry"}, {"fields": {"action_time": "2015-06-12T21:38:02.334Z", "action_flag": 2, "object_repr": "Planning A School", "change_message": "Changed event_type.", "user": 1, "content_type": 30, "object_id": "8"}, "pk": 83, "model": "admin.logentry"}, {"fields": {"action_time": "2015-06-12T21:43:08.888Z", "action_flag": 1, "object_repr": "Planning a Community Center", "change_message": "", "user": 1, "content_type": 30, "object_id": "9"}, "pk": 84, "model": "admin.logentry"}, {"fields": {"action_time": "2015-06-12T21:46:16.250Z", "action_flag": 2, "object_repr": "Planning a Community Center", "change_message": "Added product \"\".", "user": 1, "content_type": 30, "object_id": "9"}, "pk": 85, "model": "admin.logentry"}, {"fields": {"action_time": "2015-06-12T21:47:28.285Z", "action_flag": 2, "object_repr": "", "change_message": "Added product price \"FOR VIPs only: $70 | A | 0\".", "user": 1, "content_type": 46, "object_id": "9"}, "pk": 86, "model": "admin.logentry"}]